Name,Regular price
Samsung Galaxy Watch Active 2 44mm Aqua Black R820  ,"279,99"
IPhone 13 Pro Max 1TB Terabajt Alpine Green  ,2.82
Samsung Galaxy A12 4/64GB Black Dual Sim TOP ,260
Apple Watch SE 44mm SG Alu Case Midnight Sport band ,"599,99"
IPhone 12 Pro Max 256GB Silver  GARANCIJA ,1.64
IPhone 12 Pro Max 128GB Gold  GARANCIJA ,1.6
IPhone 13 Pro 256GB Sierra Blue GARANCIJA ,1.87
Samsung Galaxy S22 Ultra 12 512GB Green ,2.35
Nokia 6300 4G 2020 Viber Whatsapp ,"129,99"
IPhone 13 Pro Max 256GB Alpine Green  ,2.33
IPhone 13 Pro Max 256GB Sierra Blue  ,2.32
IPhone 11 64GB Black i White Green Yellow VAKUM  ,1.05
IPhone 13 Pro Max 128GB Sierra Blue i Silver  ,2.15
Samsung Galaxy Buds 2 AKG slušalice ORIGINAL  ,"169,99"
IPhone 13 Pro Max 128GB Graphite i Gold i Silver ,2.15
IPhone 13 Pro 128GB Alpine Green Gold i Graphite ,1.999
Samsung Galaxy A52S 5G A52 S 6/128GB Dual Sim White ,"589,99"
IPhone 13 Pro 128GB Sierra Blue i Silver  VAKUM ,1.999
Mobitel Cubot J10 1/32GB Blue Dual Sim ,"109,99"
Samsung Galaxy S22 256GB Phantom Silver Green  ,1.54
Samsung Galaxy S22 128GB Phantom Silver Green Pink Gold ,1.44
IPhone 12 64GB Black White Red Green  VAKUM ,1.25
Samsung Galaxy S22 Ultra 128GB Burgundy i Green ,2.05
Samsung Galaxy S22 Ultra 128GB Phantom Black Silver ,2.05
Samsung Galaxy A53 5G 6/128GB Awesome Black White Pink ,620
IPhone 13 mini Magsafe zaštitna maska ORIGINAL ,"29,99"
Samsung Galaxy S21 FE S21FE 5G 6/128GB Graphite Violet ,899
IPhone 13 Pro Max 128GB Alpine Green  ,2.15
IPhone 13 Pro Max 256GB Graphite i Gold  ,2.299
Cubot C20 4/64GB Black Dual Sim ,245
Cubot Note 9 3/32GB Black i Green Dual Sim ,179
Cubot X50 X 50 8/128GB Green Dual Sim ,390
IPad Air 2 128GB Space Gray Model A1566 ,330
IPhone 13 128GB Midnight Starlight Blue  VAKUM ,1.56
IPhone 12 128GB BLACK BLUE WHITE GREEN  VAKUM ,1.36
IPhone 13 Mini 128GB Midnight i Pink  VAKUM ,1.33
IPhone 13 128GB Pink i Green  ,1.55
Xiaomi Mi Watch Pametni sat Beige ,235
Xiaomi Mi Smart Band 6 Pametna Narukvica ,"89,99"
IPhone 13 13 pro max 20w USB-C power adapter punjač ,"39,99"
IPhone 11 Pro Max Taptic engine vibracija vibro motor ,25
Xiaomi Mi Watch Pametni sat SVE BOJE ,"219,99"
Xiaomi Mi Watch Pametni sat Black ,235
IPhone 11 Pro Max Baterija ORIGINAL ,110
Xiaomi Redmi Buds 3 bežične bluetooth slušalice ,"79,99"
Apple AirPods Pro bežične slušalice  GARANCIJA ,420
Xiaomi Mi True Wireless Earphones 2 Basic slušalice ,"59,99"
Samsung Galaxy S22 Plus 256GB Phantom Black  ,1.78
Xiaomi Redmi Watch Lite 2 Pametni sat Blue ,"139,99"
Xiaomi Mi smart Band 6 remen / narukvica ORIGINAL ,30
Xiaomi Mi Watch Lite Pametni sat SVE BOJE ,115
Xiaomi Mi Watch Pametni sat Navy Blue ,235
Xiaomi Redmi Watch Lite 2 Pametni sat Black ,"139,99"
IPhone 12 i 12 Pro Taptic engine vibracija vibro motor ,25
IPhone 12 i 12 Pro Buzzer Zvučnik Zvono Original ,30
Xiaomi Redmi Watch Lite 2 Pametni sat Ivory ,"139,99"
Xiaomi Mi Router AX1800 Ruter AX 1800 ,110
Samsung Galaxy s10 11D bull zaštitno staklo ,15
IPhone 13 Pro Apple Silikonska Zaštitna maska zaštita ,"19,99"
Samsung Galaxy S21 S21 plus S21 ultra super fast punjac ,40
Apple MacBook Pro USB-C USB C punjac 87W power adapter ,"99,99"
Apple MacBook Pro USB-C USB C punjac 61W power adapter ,85
Samsung Galaxy Note 20 ultra super fast punjac 45W ,"79,99"
IPhone 11 Pro Max prednja kamera i face id senzor Flat ,50
Samsung Galaxy Buds Pro bežične bluetooth slušalice ,"249,99"
Samsung Galaxy S22 S22 plus S22 ultra super fast punjac ,40
IPhone 11 Pro Max zvučnik na uho / proximity senzor ,55
IPhone 12 prednja kamera i face id senzor Flat ,50
IPhone X XR XS Max Magsafe bežični punjac ORIGINAL ,60
IPhone 11 Pro Max zadnje staklo / poklopac baterije ORG ,40
Samsung Galaxy A13 A23 A53 i A73 super fast punjac ORG ,40
Apple AirPods 2 with Charging Case  VAKUM ,280
Xiaomi Mi TV Box S 4K Quad Core Android TV ,135
Xiaomi Mi Smart Band 5  GARANCIJA ,"64,99"
Samsung Galaxy S21 S21plus S21 ultra super fast punjac ,"79,99"
Ring Light Led Svjetleći prsten Foto Studio Light ,"29,99"
IPhone 13 Pro Max silikonska zaštitna maska / zaštita ,10
Xiaomi Mi Watch Lite Pametni sat Navy Blue ,"129,99"
"IPhone 5,5s,6,6s,7,8 plus , X baterija 100% ORIGINAL ",28
IPhone 11 Pro Max LCD / Display / Ekran ORIGINAL ,620
Samsung Galaxy S20 S20 plus S20 ultra super fast punjac ,"79,99"
Samsung Galaxy A52 A52s i A72 super fast punjac ,40
Samsung Galaxy S22 Armor Case zaštitna maska zaštita ,"19,99"
Samsung super fast charger Type-C to Type-C ORIGINAL ,"79,99"
2u1 Ring Light Led Svjetleći prsten Foto Studio Y02 ,"69,99"
Samsung Galaxy note 20 note 20 ultra super fast punjač ,40
Samsung Galaxy A51 baterija Original ,"39,99"
Xiaomi Mi AirDots Pro 3 bežične bluetooth slušalice ,45
IPhone 12 12 pro max 20w USB-C power adapter punjač ,"39,99"
IPhone 13 silikonska zaštitna maska / zaštita ,10
Samsung Galaxy S22 Ultra Armor Case zaštitna maska ,"19,99"
Samsung Galaxy S20 S20 plus S20 ultra super fast punjac ,40
IPhone XR 11D glass premium zaštitno staklo za ekran ,15
IPhone 12 Pro Max Apple silikonska maska / zaštita ,"19,99"
IPhone 12 12 pro max 18w USB-C power adapter punjač ,35
Apple MacBook Air MagSafe punjac 45W ,65
Apple MacBook Air MagSafe 2 punjac 45W ,75
IPhone X XS 11D glass premium zaštitno staklo za ekran ,15
Xiaomi Mi TV stick TV box ,83
Samsung Galaxy S21 11D bull zaštitno staklo ,20
IPhone SE 2020 11D glass premium zaštitno staklo ,15
IPhone 12 i 12 Pro Baterija ORIGINAL ,"99,99"
IPhone 13 Pro silikonska zaštitna maska / zaštita ,10
IPhone i Apple Watch wireless MagSafe duo punjač ,"69,99"
Xiaomi Mi Watch Lite Pametni sat Ivory ,"129,99"
IPhone 12 mini Magsafe bežični punjac ORIGINAL ,60
IPhone 12 12 pro max Magsafe bežični punjac ORIGINAL ,60
IPhone 11 Pro zadnje staklo / poklopac baterije ORG ,40
IPhone 11 zadnje staklo / poklopac baterije ORIGINAL ,40
IPhone 7 i 7 plus ultra tanka maska zastita ,10
IPhone 12 12 pro Apple silikonska maska / zaštita ,"19,99"
Kids Smartwatch Canyon Tony KW-31 Dječiji pametni sat ,75
Samsung super fast charger Type-C to Type-C ORIGINAL ,40
Samsung Galaxy A52 Guardian kožna preklopna maska ,15
IPhone 13 Apple Silikonska Zaštitna maska / zaštita ,"19,99"
Xiaomi Redmi Buds 3 Lite bežične bluetooth slušalice ,55
Xiaomi Mi 20W Charger Type-C BRZI punjač adapter ORG ,"39,99"
Samsung Galaxy s21 plus silikonska zaštitna maska ,15
"IPhone 12 , 12 pro max 20W BRZI punjač ORIGINAL ","59,99"
Samsung Galaxy s21 ultra silikonska zaštitna maska ,15
Bluetooth bežične slušalice inpods 13 Pro ,"39,99"
IPhone 7 i 8 11D glass premium zaštitno staklo za ekran ,15
IPhone 11 pro Max Magsafe zaštitna maska ORIGINAL ,"39,99"
Kids Smartwatch Canyon Tony KW-31 Dječiji pametni sat ,75
IPhone 13 Mini Apple Silikonska Zaštitna maska zaštita ,"19,99"
Ruter Xiaomi Mi WiFi Wireless Router 4A 1200MBps 2.4ghz ,"49,99"
Samsung Galaxy S21 ultra UV zaštitno staklo FULL COVER ,25
IPhone 12 mini Magsafe zaštitna maska ORIGINAL ,"29,99"
Apple MacBook Pro MagSafe punjac 85W ,75
IPhone 12 Pro 12 Pro max Apple Leather Wallet Card Case ,29
IPhone X i XS Magsafe zaštitna maska ORIGINAL ,"39,99"
IPhone 6 i 6s 11D glass premium zaštitno staklo ,15
Xiaomi Mi LCD Writing Tablet za pisanje i crtanje ,55
IPhone 11 Magsafe zaštitna maska ORIGINAL ,"39,99"
IPhone 6 plus 11D glass premium zaštitno staklo ,15
Samsung Galaxy A52 9H glass premium zaštitno staklo ,15
IPhone 11 pro Magsafe zaštitna maska ORIGINAL ,"39,99"
Xiaomi Mi Body Composition Scale 2 PAMETNA VAGA,55
4 port USB HUB 2.0 Type C adapter ,25
Samsung Galaxy S20 UV zaštitno staklo FULL COVER ,25
Samsung Galaxy S21 plus 11D bull zaštitno staklo ,20
IPhone 6s plus 11D glass premium zaštitno staklo ,15
Ruter Xiaomi Mi WiFi Wireless Router 4A Gigabit Edition ,"64,99"
IPhone 11 11 pro max Magsafe bežični punjac ORIGINAL ,60
IPhone 12 i 12 mini Apple Leather Wallet Card Case ,29
IPhone XR Magsafe zaštitna maska ORIGINAL ,"39,99"
Samsung Galaxy S21 ultra 11D bull zaštitno staklo ,20
IPhone XS Max Magsafe zaštitna maska ORIGINAL ,"39,99"
IPhone 12 pro max Magsafe zaštitna maska ORIGINAL ,"29,99"
Xiaomi Note 9 PREMIUM Full glue zaštitno staklo ,15
IPhone USB C adapter / punjac 20W ORIGINAL ,"39,99"
Auto držač bežični auto punjač wireless car Charger ,40
IPhone 13 11D glass premium zaštitno staklo ,15
Huawei p40 Pro UV zaštitno staklo FULL COVER ,25
Samsung Galaxy S20fe S20 fe Full glue zaštitno staklo ,15
Samsung Galaxy S20 plus UV zaštitno staklo FULL COVER ,25
Bluetooth bežične slušalice inpods 12 in pods 12 ,27
Samsung Galaxy s10 i s10 plus punjac ORIGINAL ,30
IPhone 12 mini 12 Pro max BRZI punjač 2m 2 metra ORG ,70
Xiaomi Mi Business Backpack 2 poslovni ruksak ,"59,99"
IPhone USB C adapter / punjac 18W ORIGINAL ,35
Hoco Lightning to HDMI kabal za iPhone / iPad 2m ,"59,99"
LDNIO Bluetooth FM Transmitter auto punjač ,45
Xiaomi Mi Home Security nadzorna kamera 170 ,65
Xiaomi Mi Car Charger Pro 18w pametni brzi auto punjač ,"29,99"
Samsung Galaxy A52 Fashion Case crna zaštitna maska ,13
Xiaomi Mi WiFi Range Extender Range Pro POJAČIVAČ ,35
Samsung Galaxy A40 LCD DISPLAY EKRAN ORIGINAL ,135
IPhone 13 Pro Max 11D glass premium zaštitno staklo ,15
IPhone XS Max 11D glass premium zaštitno staklo ,15
Samsung Galaxy S20 ultra UV zaštitno staklo FULL COVER ,25
IPhone 12 11D glass premium zaštitno staklo za ekran ,15
IPhone 12 Pro 11D glass premium zaštitno staklo ,15
Huawei p30 Pro UV zaštitno staklo FULL COVER ,25
LDNIO brzi Auto punjač C506Q sa kablom ,35
IPhone 12 mini 11D glass premium zaštitno staklo ,15
IPhone 11 11D glass premium zaštitno staklo za ekran ,15
Ruter Xiaomi Mi WiFi Wireless Router 4C 300MBps 2.4ghz ,33
IPhone XS max kuciste ORIGINAL 100% ,125
IPhone 11 Pro Max 11D glass premium zaštitno staklo ,15
IPhone 13 Mini 11D glass premium zaštitno staklo ,15
Samsung Galaxy S21 UV zaštitno staklo FULL COVER ,25
Samsung Galaxy S21 Full glue zaštitno staklo ,15
IPhone 8 plus 11D glass premium zaštitno staklo ,15
Samsung Galaxy A72 360 Protection zaštitna maska ,15
IPhone XS max ukrasna ženska zaštitna maska zaštita ,19
Pametni Selfie Tripod stativ Robot Cameraman ,45
Samsung Galaxy S21 plus UV zaštitno staklo FULL COVER ,25
"IPhone X , XR , XS , XS max BRZI punjač ORIGINAL ",60
Samsung Galaxy A52 360 Protection zaštitna maska ,15
IPhone 13 Pro 11D glass premium zaštitno staklo ,15
IPhone 12 Pro Max 11D glass premium zaštitno staklo ,15
IPhone 11 ukrasna ženska zaštitna maska zaštita ,19
IPhone 11 Pro 11D glass premium zaštitno staklo ,15
Xiaomi Mi Home Security nadzorna kamera 360 2K ,"119,99"
Samsung Galaxy s21 0.2 zaštitna silikonska maska ,15
Apple MacBook Pro / AIR MagSafe punjac 60W ,65
IPhone 8 i 8 plus Magsafe bežični punjac ORIGINAL ,60
IPhone 13 mini 13 Pro max BRZI punjač 2m 2 metra ORG ,70
IPhone X XS ukrasna ženska zaštitna maska zaštita ,30
Apple MacBook Pro MagSafe 2 punjac 60W ,75
"IPhone 11 , 11 pro , 11 pro max BRZI punjač ORIGINAL ",60
Xiaomi Mi 23.8 Desktop Monitor 1C ,"299,99"
IPhone 11 pro max ukrasna ženska zaštitna maska zaštita ,30
Samsung Galaxy S21 plus TOP Full glue zaštitno staklo ,15
Samsung Galaxy A12 FULL GLUE zaštitno staklo ,15
Xiaomi Mi Smart Band 5 Charging Cable Kabal za punjenje ,15
Samsung wireless pad brzi punjac ORIGINAL ,"39,99"
Xiaomi Mi 37w Dual-Port Car Charger auto punjač ,"29,99"
IPhone XS max display / ekran 100% original ,380
Apple iPhone USB C to Lightning kabal 2 metra 2m ORIG ,35
Samsung Auto punjač Dual USB port Fast Charge 15w ,"39,99"
Huawei p40 pro silikonska zaštitna maska 2.0MM ,15
Samsung Galaxy s21 ultra 360 Protection zaštitna maska ,"19,99"
Samsung Galaxy A50 staklo kamere / Lens kamere org ,15
Samsung Galaxy Buds Pro AKG slušalice ,"99,99"
"Yison CX620 slušalice 3,5mm ",15
Samsung Galaxy note 20 silikonska zaštitna maska 2.0MM ,15
KUPUJEM Samsung Galaxy A32 A52 A72 ,
IPhone 11 pro ukrasna ženska zaštitna maska zaštita ,30
IPhone 13 Pro Max staklo kamere / Lens kamere original ,"39,99"
Xiaomi Mi prijenosni bluetooth zvučnik Grey ,55
Digicell USB To lighting kabal za punjenje 2m 2 metra ,15
IPhone 12 pro Max Apple silikonska maska / zaštita ,"19,99"
IPhone 8 LCD / ekran / display 100% original ,180140
IPhone 12 staklo kamere / Lens kamere original ,"39,99"
IPhone XS kuciste sve boje ORIGINAL  ,140
"IPhone X , XR , XS , XS max BRZI punjač 2m 2 metra ORG ",70
Samsung Galaxy A72 staklo kamere / Lens kamere org ,"19,99"
Xiaomi Mi Home Security nadzorna Camera 360 1080P ,"89,99"
Pametni sat Smartwatch Z3 Sci-Tech ,45
Samsung Galaxy Note 20 Ultra staklo kamere Lens kamere ,15
IPhone X display / ekran 100% ORIGINAL ,299
Apple iPhone USB C to Lightning kabal ORIGINAL ,"29,99"
Samsung Galaxy A30s staklo kamere / Lens kamere org ,15
Samsung Galaxy s8 baterija original ,40
Samsung Galaxy S21 ultra staklo kamere / Lens kamere ,30
Samsung Galaxy A52 staklo kamere / Lens kamere org ,"19,99"
Samsung Galaxy A21s zaštitno staklo / screen Protector ,10
Samsung Galaxy A02 staklo kamere / Lens kamere org ,15
IPhone 13 13 pro max Magsafe bežični punjac ORIGINAL ,"59,99"
Samsung Galaxy A42 staklo kamere / Lens kamere org ,15
"Xiaomi Mi in Ear Slušalice Basic 3,5mm ",12
IPhone 7 plus kamera ORIGINAL ,100
Borofone Slušalice BM27 Type C ,20
"Sport Deepbass Slušalice D-09 3,5mm ",15
Samsung Galaxy A70 baterija ORIGINAL ,40
IPhone 11 čitač sim kartice 100% ORIGINAL ,25
Samsung Galaxy S21 plus staklo kamere / Lens kamere org ,30
Samsung Galaxy A12 staklo kamere / Lens kamere org ,15
Apple AirPods 3 bežične bluetooth slušalice Kopija ,"69,99"
Apple AirPods 2 with Charging Case bežične slušalice ,"59,99"
Akcijska Akciona kamera SJ4000 SJCam ,140
Billboard svijetleći bluetooth zvučnik zvučnici ,20
Bežični veliki karaoke Bluetooth Zvučnik Zizo Z10 ,210
Samsung Galaxy A52 Premium tempered zaštitno staklo ,10
Samsung Galaxy A31 staklo kamere / Lens kamere org ,15
Samsung Galaxy A80 staklo kamere / Lens kamere org ,15
Huawei P30 staklo kamere / Lens kamere org ,15
PlayStation 4 bežični kontroler / dzojstik double shock ,"69,99"
Samsung Galaxy S20 FE S20FE staklo kamere Lens kamere ,15
IPhone 12 mini Apple silikonska maska / zaštita ,"19,99"
Samsung Galaxy A50 pločica konektor punjenja ,40
Samsung Galaxy S8 UV zaštitno staklo / zaštita za ekran ,15
Digicell USB Type C kabal za punjenje 2m 2 metra ,15
"Borofone slušalice BM13 3,5mm ",12
Samsung Galaxy A21s staklo kamere / Lens kamere org ,15
Samsung Galaxy Note 20 staklo kamere / Lens kamere org ,15
Samsung wirelles stand bežični punjac ORIGINAL ,60
Slušalice za mobitel sa Type c ulazom ,15
Samsung Galaxy A20 staklo kamere / Lens kamere org ,10
Samsung wirelles 3u1 bežični punjac ORIGINAL ,75
Samsung Galaxy S21 staklo kamere / Lens kamere org ,30
Samsung Galaxy S20 ultra staklo kamere Lens kamere org ,15
Samsung Galaxy A31 A315 LCD / DISPLAY / EKRAN ORIG ,150
Alien svijetleći Bluetooh zvučnik zvučnici ,70
IPhone 7 LCD / display / ekran ,90
Samsung Galaxy A40 staklo kamere / Lens kamere org ,15
Samsung Galaxy A11 staklo kamere / Lens kamere org ,15
IPhone 6 kućište oklop GOLD ORGINAL ,30
Pročišćivač Zraka Xiaomi Mi Air Purifier 3C ,210
Samsung Galaxy note 20 ultra silikonska zaštitna maska ,15
Samsung Galaxy A71 display / ekran / LCD ORIGINAL ,180
Samsung Galaxy s21 plus 360 Protection zaštitna maska ,"19,99"
Samsung Galaxy A40 baterija ORIGINAL ,30
Samsung Galaxy S22 Carbon zaštitna maska zaštita ,15
"IPhone X , XS , XR , 11 , 11 Pro Max 12 Pro Max ",
JBL Under Armour Bluetooth zvučnik zvučnici ,45
IPhone XS max flat proximity senzor i slušalica ,40
"Iphone 5s,6,6s,7,8 plus original apple punjac komplet ","29,99"
"Samsung slušalice SHE-SC-10E 3,5mm ",12
Apple AirPods Pro with charging case Air pods ,"69,99"
Samsung Galaxy s21 360 Protection zaštitna maska ,"19,99"
Samsung Galaxy A20e baterija ORIGINAL ,30
Samsung Galaxy s8 plus baterija original ,50
Samsung Galaxy S20 Silicone case maska / zaštita ,20
Samsung Galaxy A20 pločica konektor punjenja ,30
"Borofone Slušalice BM31 audio 3,5mm ","9,99"
IPhone 13 mini Magsafe bežični punjac ORIGINAL ,"59,99"
Apple kabal za punjenje MacBook AIR Pro C to C ,40
IPhone XS display / ekran 100% original ,340
IPhone XS prednja kamera face id ORIGINAL ,60
"Digicell Audio AUX kabal 3,5mm 1metar ",10
BeatsX Beats X bluetooth slušalice ,30
IPhone XS flat proximity senzor ORIGINAL ,40
JBL GO2 GO 2 Bluetooth zvučnik zvučnici ,35
Logitech Miš B170 wireless ,27
Samsung Galaxy S21FE S21 FE Carbon zaštitna maska ,15
Samsung Galaxy S22 plus Carbon zaštitna maska ,15
IPhone XR kućište sve boje ORIGINAL ,130
IPhone 6 kućište oklop GOLD ORGINAL ,50
Samsung Galaxy A10 A20 A50 baterija original ,30
Samsung Galaxy s8 plus s8+ zadnje staklo ,30
Samsung Galaxy j7 prime baterija original ,30
IPhone 7 plus LCD DISPLAY ekran ,100
iPhone 7 plus baterija 100% Original ,45
Samsung Galaxy s8 plus LCD / display / ekran original ,450
IPhone 8 zadnje staklo / staklo kućišta ORIGINAL ,5025
"IPhone 7,8 plus,X,XR,XS max Lightning slušalice ",50
IPhone XS baterija ORIGINAL ,120
iPhone 5c baterija 100% ORIGINAL ,28
iPhone 6s baterija 100% ORIGINAL ,"29,99"
IPhone 13 Pro Max Privacy glass zaštitno staklo ,15
Samsung Galaxy S22 Ultra Carbon zaštitna maska ,15
IPhone 12 pro Apple silikonska maska / zaštita ,"19,99"
Xiaomi Mi Smart Scale 2 PAMETNA VAGA  ,"59,9939,99"
Samsung Galaxy A22 4G silikonska zaštitna maska zaštita ,10
Xiaomi Redmi Note 10 Pro Full premium zaštitno staklo ,15
"IPhone 7,8,X,XS,11,11 Pro Lightning splitter adapter ",15
Samsung Galaxy M10 / A750 baterija original ,30
"IPhone 11 , 11pro , 11 pro max Lightning slušalice ",50
IPhone XR display / ekran ORIGINAL ,240
Xiaomi Mi Smart Plug wifi pametna utičnica ,"49,99"
IPhone 7 black kućište / oklop ORIGINAL ,60
Samsung Galaxy j4 plus / j6 plus baterija original ,30
IPhone 6s Kuciste / oklop ORIGINAL ,50
IPhone XS velika kamera ORIGINAL ,130
IPhone XS tipka zaključavanja i bljeskalica ORIGINAL ,30
Samsung Galaxy A72 display / ekran / LCD ORIGINAL ,235
IPhone X vibra motor ORIGINAL ,30
IPhone XS Dock konektor punjenja ORIGINAL ,50
Samsung Galaxy A41 A415 Display / LCD ORIGINAL ,155
Samsung Galaxy s10 zadnje staklo / poklopac baterije ,50
IPhone XS slušalica / zvučnik na uho ORIGINAL ,30
IPhone 13 13 Pro 13 Pro Max 20w BRZI punjač ORIGINAL ,60
iPhone 6 plus baterija 100% ORIGINAL ,35
IPhone XS LCD / display / ekran ,250
IPhone 6s oklop / kućište original Rose gold ,50
iPhone 7 baterija 100% ORIGINAL ,"39,99"
Samsung Galaxy S10 Plus baterija ORIGINAL ,"39,99"
IPhone X kućište sa staklom ORIGINAL ,130
HDMI to VGA audio adapter ,25
Samsung Galaxy A51 display / ekran / LCD ORIGINAL ,195
Samsung Galaxy A30S A307 display / ekran / LCD ORIGINAL ,130
IPhone 13 360 Protection zaštitna maska ,"19,99"
IPhone XS flat kabal bočnih tipki i wireless punjenja ,30
IPhone 11 Pro Flat tipke zaključavanja i bljeskalice ,40
IPhone 7 plus kućište / oklop SVE BOJE ,"8069,99"
IPhone 11 Pro staklo kamere / Lens kamere original ,"39,99"
IPhone 11 staklo kamere / Lens kamere original ,"39,99"
Samsung Galaxy A10S A107 display / ekran / LCD ORIGINAL ,140
IPhone XR baterija ORIGINAL ,100
IPhone 13 Apple Silikonska Zaštitna maska / zaštita ,"19,99"
Samsung Galaxy s7 edge baterija original ,40
IPhone 11 Apple silikonska maska / zaštita ,"19,99"
Samsung Galaxy S21 Plus zaštitno staklo kamere lensa ,15
IPhone 6s plus baterija 100% ORIGINAL ,40
IPhone 11 Pro zvučnik na uho i proximity senzor ORG ,55
IPhone 8 plus kamera ORIGINAL ,120
Samsung Galaxy a10 A105F display / ekran / LCD ORIGINAL ,130
Samsung Galaxy S20 zaštitno staklo kamere lensa ,15
IPhone 13 Pro Max 360 Protection zaštitna maska ,"19,99"
IPhone 11 Pro Flat kabal Bluetooth i Wifi antene ,30
IPhone 13 Pro Apple Silikonska Zaštitna maska / zaštita ,"19,99"
Huawei Honor 20 / Nova 5T baterija ORIGINAL ,"39,99"
IPhone 6s Display / LCD / ekran ,70
iPhone 11 Pro Max zaštitno staklo kamere zaštita ,15
iPhone 11 Pro zaštitno staklo kamere zaštita za lens ,15
Huawei P30 Pro zaštitno staklo kamere zaštita lensa ,15
Samsung Galaxy S10 baterija ORIGINAL ,"39,99"
IPhone 13 13 mini 13 Pro max Lightning slušalice ,50
IPhone 11 Pro kućište oklop Original ,200
IPhone 11 Pro Baterija Original ,"99,99"
IPhone 11 Pro Taptic engine vibracija vibro motor ,25
IPhone 7 ekran / display / LCD Apple ORIGINAL ,140
IPhone 12 kućište oklop sa staklom Original ,190
Razer HammerHead True Wireless bežične slušalice ,"89,99"
Samsung Galaxy S21 ultra zaštitno staklo kamere lens ,15
Huawei P30 Lite / Mate 10 Lite baterija ORIGINAL ,"39,99"
IPhone 13 mini zaštitno staklo kamere zaštita za lens ,15
iPhone 13 Pro zaštitno staklo kamere zaštita za lens ,15
IPhone 11 Pro Buzzer Zvučnik Zvono ORIGINAL ,25
IPhone XR sim ladica / držač sim kartice ,10
Xiaomi Redmi Note 10 5G staklo kamere / Lens kamere org ,15
Samsung Galaxy a50 display / ekran / LCD ORIGINAL ,140
IPhone 11 Pro Dock konektor punjenja mikrofon i signal ,60
Huawei P40 zaštitno staklo kamere zaštita za lens ,15
IPhone 8 plus display / ekran / LCD,"99,99"
IPhone 13 Pro 360 Protection zaštitna maska ,"19,99"
IPhone 12 i 12 Pro Dock konektor punjenja mikrofon flat ,60
iPhone 13 zaštitno staklo kamere zaštita za lens ,15
Huawei P40 Pro zaštitno staklo kamere zaštita lens ,15
Samsung Galaxy A42 display / ekran / LCD ORIGINAL ,165
Huawei P smart Plus / Nova 2 Plus / Honor 7X baterija ,"39,99"
Samsung Galaxy note 10 plus kožna preklopna maska ,15
iPhone 12 Pro Max zaštitno staklo kamere zaštita ,15
Xiaomi Redmi Note 10 Pro ShockProof zaštitna maska ,15
iPhone 8 baterija 100% ORIGINAL ,45
Samsung Galaxy s8 i s9 plus Full glue zaštitno staklo ,15
"Iphone 5,5c,5s,6,6s,7,8 plus usb punjač ORIGINAL ","2519,99"
IPhone 11 Pro velika kamera / zadnja kamera ,"199,99"
IPhone 12 sim ladica / držač sim kartice Sim Tray ,25
Razer Deathadder Elite Gejming Gameing miš ***TOP*** ,"49,99"
IPhone 12 Volume Flat kabal zvuka wireless punjenja ,60
IPhone 8 prednja kamera proximity senzor ORIGINAL ,40
IPhone 11 zvučnik na uho i proximity senzor ,55
"IPhone 5s,6,6s,7,8 plus , X , XS / ekran / LCD ",
IPhone XS max prednja kamera face id ORIGINAL ,50
IPhone 13 Pro Max zaštitno staklo kamere zaštita lens ,15
"Iphone 2,3,3gs,4,4s,5,5c,5s,6,6s,7,8,X,XS,XR punjac ","2519,99"
IPhone 11 Pro i Pro Max sim ladica držač sim kartice ,20
IPhone XS Max flat kabal konektor punjenja ORIGINAL ,50
IPhone 11 sim ladica / držač sim kartice Sim Tray ,15
Razer Deathadder Destiny Gejming Gameing miš ***TOP*** ,"49,99"
IPhone 11 flat kabal GPS i WiFi antena ,20
IPhone 11 Pro Max velika kamera / zadnja kamera ,"199,99"
IPhone SE oklop / kućište Original ,30
OTG USB micro adapter ,10
IPhone 7 Dock konektor punjenja ORIGINAL ,40
IPhone 11 flat prednja kamera i dot projektor ,50
iPhone 11 zaštitno staklo kamere zaštita za lens ,15
Samsung Galaxy A20E A202 display / ekran / LCD ORIGINAL ,105
IPhone XS max silikonska zaštitna maska ipaky ,20
Samsung Galaxy A2 core Guardian kožna preklopna maska ,15
Samsung Galaxy s8 zadnje staklo ,30
IPhone 11 LCD / ekran / display 100% ORIGINAL ,330
"IPhone X,XR,XS,XS max usb punjac ORIGINAL ","2519,99"
Samsung Galaxy S21 ultra zaštitno staklo kamere lens ,15
IPhone 7 kamera ORIGINAL ,50
IPhone XS max flat bočnih tipki i wireless punjenja ,30
"Samsung Galaxy s6,s7 edge original punjač komplet ",30
IPhone 11 Pro LCD / Ekran / Dispay ,550
IPhone 7 i 8 plus Apple Leather maska / zaštita ,"19,99"
iPhone 12 Pro zaštitno staklo kamere zaštita za lens ,15
Huawei Watch GT 46mm zaštitno staklo zaštita ekran ,15
IPhone 6 plus LCD Display ekran ,70
Samsung Galaxy A51 Guardian kožna preklopna maska ,15
IPhone 11 Pro prednja kamera i face id senzor Flat ,60
"IPhone 11 , 11pro , 11 pro max potražnja OTKUP ",
Samsung Galaxy A20 / A30 Guardian kožna preklopna maska ,15
Samsung Galaxy A20e Guardian kožna preklopna maska ,15
Samsung Galaxy A10s Guardian kožna preklopna maska ,15
Samsung Galaxy A50 Guardian kožna preklopna maska ,15
Samsung Galaxy s10 Full glue zaštitno staklo ,15
IPhone 5SE SE LCD Display ekran ,50
Samsung Galaxy S20 Ultra zaštitno staklo kamere ,15
IPhone 7 i 8 plus Apple Leather Carbon maska / zaštita ,"19,99"
IPhone XS max baterija ORIGINAL ,120
Samsung Galaxy Watch R800 zaštitno staklo zaštita ekran ,30
IPhone XR silikonska zaštitna maska ipaky ,20
IPhone 6 Dock konektor punjenja ,15
iPhone 12 zaštitno staklo kamere zaštita za lens ,15
Samsung Galaxy Note 20 ultra zaštitno staklo kamere ,15
Huawei P smart 2019 Guardian kožna preklopna maska ,15
Samsung Galaxy note 10 Guardian kožna preklopna maska ,15
IPhone 12 Pro Max Apple silikonska maska / zaštita ,"19,99"
Samsung Galaxy s10 plus Guardian kožna preklopna maska ,15
Samsung Galaxy j6 Guardian kožna preklopna maska ,15
IPhone X sim ladica / držač sim kartice Sim Tray ,10
Huawei p30 Lite LCD / display / ekran ORIGINAL ,145
IPhone 7 prednja kamera i proxymity senzor ,"29,99"
Samsung Galaxy S21 S21 plus S21 ultra AKG SLUŠALICE ,25
Samsung Galaxy S20 11D bull zaštitno staklo ,15
IPhone XS max zadnja kamera ORIGINAL ,120
Samsung Galaxy A20s Guardian kožna preklopna maska ,15
Samsung Galaxy Z Fold 3 Clear zaštitna maska / zastita ,"29,99"
Huawei Mate 20 Pro 11D bull zaštitno staklo ,15
IPhone 6s plus flat kabal power tipke i bljeskalica ,15
Samsung Galaxy s8 plus Guardian kožna preklopna maska ,15
"IPhone X , XS , XS max 11D bull zaštitno staklo ",15
"IPhone X,XR,XS,XS Max orginal komplet punjač ","29,99"
Samsung Galaxy s10 plus 11D bull zaštitno staklo ,15
IPhone 8 Apple Leather maska / zaštita ,"19,99"
IPhone X / XS Apple Leather Carbon maska / zaštita ,15
IPhone 6 LCD Display ekran ,60
Xiaomi Redmi Note 10 staklo kamere / Lens kamere org ,15
Samsung Galaxy A20 / A30 Leather Carbon maska / zaštita ,15
IPhone XS wifi antena ORIGINAL ,20
Samsung Galaxy s9 plus 11D bull zaštitno staklo ,15
Samsung Galaxy A70 Guardian kožna preklopna maska ,15
Samsung Galaxy A42 5G silikonska zaštitna maska zastita ,"9,99"
LDNIO stolni punjač sa 8 USB portova 3.0 qualcom ,"49,99"
Borofone bežični punjač wireless charger 10W ,"29,99"
Samsung Galaxy A20 / A30 Silicone case maska / zaštita ,15
Huawei p20 Pro 11D bull zaštitno staklo ,15
iPhone 8 plus baterija 100% ORIGINAL ,"49,99"
Huawei P30 Lite Guardian kožna preklopna maska ,15
IPhone XS vibracija / vibro motor ORIGINAL ,20
IPhone X zadnja kamera ORIGINAL ,120
IPhone 13 Pro staklo kamere / Lens kamere original ,"39,99"
Huawei Watch GT2 Pro 46mm zaštitno staklo zaštita ,15
Samsung Galaxy S10 Leather Carbon maska / zaštita ,15
Apple Watch 7 41mm HOCO zaštitno staklo zaštita ekran ,"19,99"
Huawei Y6 2018 Guardian kožna preklopna maska ,15
Gaming Set 5u1 za mobitel mini tastatura i miš K170 ,"69,99"
Xiaomi Redmi Note 9S staklo kamere / Lens kamere org ,15
Samsung Galaxy A10 Guardian kožna preklopna maska ,15
Apple Magsafe Battery Pack Powerbank iPhone ,"79,99"
Samsung Galaxy A71 Guardian kožna preklopna maska ,15
Huawei Mate 20 Pro Guardian kožna preklopna maska ,15
Huawei Watch GT2 Pro magnetni punjač ,40
Apple Watch 7 45mm HOCO zaštitno staklo zaštita ekran ,"19,99"
IPhone 13 mini silikonska zaštitna maska / zaštita ,10
Samsung Galaxy Note 20 zaštitno staklo kamere lensa ,15
Xiaomi Redmi Note 8 staklo kamere / Lens kamere org ,15
Samsung Galaxy S20 Plus zaštitno staklo kamere ,15
Huawei super charger brzi punjac ORIGINAL ,35
Huawei super charger brzi punjac 40w ORIGINAL ,45
iPhone 12 Mini zaštitno staklo kamere zaštita lensa ,15
Xiaomi super charger brzi punjac 33w ORIGINAL ,"39,99"
Huawei P40 staklo kamere / Lens kamere org ,15
IPhone 11 pro max Apple silikonska maska / zaštita ,"19,99"
Samsung Galaxy s10 plus zadnje staklo poklopac baterije ,50
Apple Watch 4 5 6 44mm zaštitno staklo zaštita ekran ,15
Samsung Galaxy j7 baterija original ,25
IPhone 12 12 pro Magsafe zaštitna maska ORIGINAL ,30
Samsung Galaxy S21FE S21 FE Full glue zaštitno staklo ,15
IPhone 7 / 8 Apple silikonska maska / zaštita ,2520
IPhone XR čitač kartice ORIGINAL ,40
Huawei P30 Pro staklo kamere / Lens kamere org ,15
Huawei P40 Lite E staklo kamere / Lens kamere org ,15
IPhone 13 mini staklo kamere / Lens kamere original ,"39,99"
IPhone 13 staklo kamere / Lens kamere original ,"39,99"
Xiaomi Redmi Note 9 staklo kamere / Lens kamere org ,15
Samsung Galaxy Note 10 staklo kamere / Lens kamere ORG ,15
Xiaomi Mi 11 Pro Full glue zaštitno staklo ,15
Apple AirPods 1 i 2 UAG zaštita zaštitna maska oklop ,"29,99"
IPhone 13 Pro Magsafe zaštitna maska ORIGINAL ,"29,99"
Xiaomi Redmi Note 9 Pro staklo kamere / Lens kamere org ,15
IPhone 13 Pro Max Magsafe zaštitna maska ORIGINAL ,"29,99"
IPhone 5c display / ekran / LCD ORG ,"39,99"
Xiaomi Mi 11 Lite staklo kamere / Lens kamere org ,15
Xiaomi Mi 9 Lite staklo kamere / Lens kamere org ,15
Apple iPad Power Apdater Punjač 12w ORIGINAL ,25
Samsung Galaxy j4 plus Guardian kožna preklopna maska ,15
Samsung Galaxy S10 Lite staklo kamere / Lens kamere ORG ,15
Xiaomi Mi 10 Lite staklo kamere / Lens kamere org ,15
"IPhone 7,8 plus ,X,XR,XS max, 11 Lightning slušalice ",25
Huawei Watch GT 2 46mm zaštitno staklo zaštita ekran ,15
Xiaomi True Earbuds Basic 2 bežične bluetooth slušalice ,45
Huawei P Smart Z staklo kamere / Lens kamere org ,15
IPhone X Apple silikonska maska / zaštita ,2520
PUBG Gaming Set 4u1 za mobitel Gamepad ,"39,99"
IPad icloud zaključan POTRAŽNJA ,
IPhone 13 Magsafe zaštitna maska ORIGINAL ,"29,99"
Huawei P30 Lite staklo kamere / Lens kamere org ,15
Samsung Galaxy j730 j7 2017 kožna preklopna maska ,15
Gaming Bundle Set 4u1 KR-K100 RGB Tastatura miš ,65
Huawei P40 Lite staklo kamere / Lens kamere org ,15
Huawei Nova 5T staklo kamere / Lens kamere org ,15
IPhone SE zvučnik / buzzer ORIGINAL ,10
IPhone 7 plus staklo kamere / Lens kamere ,25
"IPhone 7 , 8 i SE 2020 11D bull zaštitno staklo ",15
IPhone 6 plus zvučnik buzzer zvono ,20
Samsung Galaxy A30s A50s Guardian kožna preklopna maska ,15
Kingston USB Memory Stick 32GB DataTraveler EXODIA ,15
Xiaomi Redmi Note 10 Pro staklo kamere / Lens kamere ,15
Samsung Galaxy S22 S22 plus S22 ultra AKG SLUŠALICE ,25
Samsung Smart Keyboard Trio 500 Bleutooth Tastatura ,85
IPhone XR wifi antena ORIGINAL ,20
Samsung Galaxy s10e s10 e kožna preklopna maska ,15
IPhone XR stražnja / zadnja velika kamera ORIGINAL ,70
Huawei P30 staklo kamere / Lens kamere org ,15
IPhone XS max Apple Leather maska / zaštita ,"19,99"
Samsung Galaxy Note 10 plus 11D bull zaštitno staklo ,15
iPhone 6 baterija 100% ORIGINAL ,"29,99"
IPhone X baterija 100% original ,"99,9959,99"
Samsung Galaxy S10 plus Leather Carbon maska / zaštita ,15
"Iphone 4,4s,5,5c,5s,6 slusalice ear pods ",30
Samsung Galaxy s7 edge Full glue zaštitno staklo ,15
Samsung Galaxy s8 s9 Full glue zaštitno staklo ,15
Samsung Galaxy s7 zadnje staklo ,20
IPhone 12 12 pro Apple silikonska maska / zaštita ,"19,99"
IPhone 11 velika kamera / zadnja kamera ,150
Samsung Galaxy A40 silikonska maska / zaštita ,15
Samsung Type C to 3.5mm audio aux adapter ORIGINAL ,"19,99"
IPhone 11 flat kabal konektora punjenja i mikrofona ,50
IPhone 8 plus konektor punjenja ORIGINAL ,50
IPhone 7 i 8 plus Apple silikonska maska / zaštita ,2520
Huawei p20 lite Guardian kožna preklopna maska ,15
IPhone 12 mini silikonska zaštitna maska / maskica ,10
Samsung Galaxy s21 plus 0.2 zaštitna silikonska maska ,15
Samsung Galaxy s9 Guardian kožna preklopna maska ,15
Samsung Galaxy s20 ultra 11D bull zaštitno staklo ,15
Huawei Mate 20 Pro Full glue zaštitno staklo ,15
IPhone XS max silikonska zaštitna maska crvena ,2520
Apple Watch 1 2 3 4 5 6 SE iwatch punjač ORIGINAL ,65
IPhone XS zvučnik / Buzzer ORIGINAL ,30
IPhone 11 pro Apple silikonska maska / zaštita ,"19,99"
Samsung Galaxy A01 LCD / display / ekran ORIGINAL ,110
Samsung Galaxy A50s staklo kamere / Lens kamere org ,15
IPhone AUX to Lightning kabal AUX kabal ,"19,99"
Samsung Galaxy Note 10 11D bull zaštitno staklo ,15
Samsung Galaxy A6 2018 Guardian kožna preklopna maska ,15
IPhone 5s Display bijeli / zlatni ,50
Samsung Galaxy s8 plus 11D bull zaštitno staklo ,15
Samsung Galaxy S20 plus Silicone case maska / zaštita ,20
Samsung Galaxy Z Flip 3 Clear Case zaštitna maska ,"19,99"
JBL boombox bluetooth zvučnik zvučnici ,60
Huawei Y6 2018 Guardian kožna preklopna maska ,15
Xiaomi redmi 7 Guardian kožna preklopna maska ,15
IPhone 12 12 pro zaštitna silikonska maska / maskica ,10
Samsung Galaxy S6 baterija ORIGINAL ,30
Kingston USB Type C Memory Stick 32GB ,"19,99"
Samsung Galaxy Note 10 plus staklo kamere / Lens kamere ,15
IPhone 11 kuciste / oklop sve boje ,200
Samsung Galaxy S10 Plus staklo kamere / Lens kamere ,15
IPhone 8 plus display / ekran crni i biieli ORIGINAL ,220150
IPhone 11 baterija ORIGINAL ,100
Samsung Galaxy A02s staklo kamere / Lens kamere org ,15
AirBuds bežične bluetooth slušalice ( airpods ) ,"29,99"
Samsung Galaxy S22 plus Silicone case maska / zaštita ,20
Samsung Galaxy S9 plus staklo kamere / Lens kamere org ,15
Samsung Galaxy S22 Silicone case maska / zaštita ,20
Samsung Galaxy s21 ultra 0.2 zaštitna silikonska maska ,15
IPhone 7 kućište / oklop original SVE BOJE ,60
Samsung Galaxy A30 pločica konektor punjenja ,30
Razer Deathadder Chroma Gejming Gameing miš ***TOP*** ,"49,99"
Samsung Galaxy j6 2018 / j8 baterija original ,30
IPhone 7 vibra motor ORIGINAL ,20
Samsung Galaxy A52 silikonska zaštitna maska / zastita ,10
Samsung Galaxy j5 2017 display / ekran / LCD ,125
IPhone 11 vibro motor / Taptic engine / vibracija ,25
Celebrat slušalice D3 3.5mm ,12
IPhone 7 plus display / ekran crni i biieli ORIGINAL ,130
Samsung Galaxy S22 Ultra Silicone case maska / zaštita ,20
Samsung Galaxy A10 pločica konektor punjenja ,25
"Celebrat slušalice D2 3,5mm ",12
Samsung Galaxy S20 plus staklo kamere / Lens kamere org ,15
Samsung Galaxy S7 G930 baterija ORIGINAL ,35
IPhone 6 plus zvučnik na uho / slušalica ,15
Xiaomi Redmi Note 10 Pro Full glue zaštitno staklo ,15
IPhone 7 kamera ORIGINAL ,50
IPhone X zvučnik na uho / slušalica i mikrofon ,40
Huawei Watch GT GT 2 GT2 magnetni punjač ,35
Samsung Galaxy A40 5D+ Privacy glass zaštitno staklo ,15
Huawei p40 Lite 5D+ Privacy glass zaštitno staklo ,15
IPhone XS i XS max sim ladica / držač sim kartice ,10
IPhone 7 plus i 8 plus 11D bull zaštitno staklo ,15
IPhone XR signal antena flat kabal ORIGINAL ,25
"IPhone 12 , 12 pro , 12 pro max Lightning slušalice ",50
IPhone 12 Pro Max Privacy glass zaštitno staklo ,15
IPhone 11 Pro Max staklo kamere / Lens kamere original ,"39,99"
IPhone 7 plus kućište original CRVENO ,70
Samsung Galaxy A41 5D+ Privacy glass zaštitno staklo ,15
Samsung Galaxy A21 5D+ Privacy glass zaštitno staklo ,15
Xiaomi Mi 11 Lite Full glue zaštitno staklo ,15
Samsung Galaxy A51 staklo kamere / Lens kamere org ,15
IPhone X LCD / display / ekran ,230
Samsung Galaxy A32 4G 5D+ Privacy glass zaštitno staklo ,15
IPhone 7 staklo kamere / Lens kamere ,15
IPhone 12 12 pro silikonska zaštitna maska 2.0MM ,15
IPhone 12 pro max silikonska zaštitna maska / maska ,10
IPhone 8 plus Apple silikonska maska / zaštita ,2520
IPhone XS max zvučnik / buzzer ORIGINAL ,30
IPhone 6 plus Dock konektor punjenja i mikrofon ,20
IPhone 6s plus flat kabal tipki zvuka / bočnih tipki ,15
IPhone 12 čitač sim kartice 100% ORIGINAL ,30
Apple Watch 4 5 6 44m silikonska zaštita maska oklop ,15
IPhone 5S LCD Display crni ,40
iPhone 5s baterija 100% ORIGINAL ,28
IPhone X flat kabal tipke zaključavanja i bljeskalice ,30
Samsung Galaxy A71 Privacy glass zaštitno staklo ,15
Samsung Galaxy A42 5G Carbon Protection zaštitna maska ,13
IPhone XR Apple silikonska maska / zaštita ,2520
IPhone 7 i 8 5D+ Privacy glass zaštitno staklo za ekran ,15
Samsung Galaxy A50 Privacy glass zaštitno staklo ,15
IPhone 8 i 8 plus držač sim kartice / sim ladica ,10
Samsung Galaxy A52 5D+ Privacy glass zaštitno staklo ,15
Samsung Galaxy A72 5D+ Privacy glass zaštitno staklo ,15
Samsung Galaxy A70 5D+ Privacy glass zaštitno staklo ,15
IPhone 7 7plus 8 8plus X XS Max potražnja ,
IPhone XS max Apple silikonska maska / zaštita ,2520
Xiaomi Mi 11 Full glue zaštitno staklo ,15
Samsung Galaxy S21 ultra Silicone case maska / zaštita ,15
IPhone 8 plus ipaky zaštitna maska / zaštita ,20
IPhone 7 plus ipaky zaštitna maska / zaštita ,20
IPhone X Flat kabal punjenja sa mikrofonom ORIGINAL ,40
IPhone 6s plus flat kabal prednje kamere i proximity ,20
Samsung Galaxy A11 5D+ Privacy glass zaštitno staklo ,15
IPhone 8 zadnja kamera velika ORIGINAL ,80
Huawei p30 Lite 5D+ Privacy glass zaštitno staklo ,15
IPhone 6s plus slušalica / zvučnik na uho ORIGINAL ,10
IPhone 8 ultra tanka maska zastita ,10
Xiaomi Redmi Note 8 Pro staklo kamere / Lens kamere org ,15
IPhone 8 Dock konektor punjenja original ,50
IPhone XS max zaštitna maska / oklop ,15
Samsung Galaxy A02 5G Full glue zaštitno staklo ,15
IPhone 11 5D+ Privacy glass zaštitno staklo za ekran ,15
IPhone XR zvučnik / buzzer ORIGINAL ,25
IPhone 12 pro max silikonska zaštitna maska 2.0MM ,15
IPhone XR true deph tone prednja kamera ORIGINAL ,30
IPhone XR flat kabal wireless punjenja ORIGINAL ,25
Samsung Galaxy A51 Silicone case maska / zaštita ,15
Samsung Galaxy S21 plus Silicone case maska / zaštita ,15
IPhone XR vibracija / Taptic engine ORIGINAL ,20
IPhone 6s plus flat kabal konektora punjenja i mic ,25
IPhone 12 Flat kabal Bluetooth signal antena ,20
IPhone 11 flat kabal tipke zaključavanja i bljeskalice ,25
Samsung Galaxy A02s / M02S Full glue zaštitno staklo ,15
Xiaomi Mi smart Band 5 remen / narukvica ORIGINAL ,"29,99"
IPhone XR dock konektor punjenja ORIGINAL ,40
Samsung Galaxy A12 Silicone case maska / zaštita ,15
"IPhone X,XS,XS max screen Protector / zaštitno staklo ",10
IPhone 11 zvučnik / zvono / buzzer ORIGINAL ,25
IPhone X zvučnik buzzer original ,20
Samsung Galaxy AKG slušalice ORIGINAL ,25
IPhone 12 Pro Display Ekran LCD 100% ORIGINAL ,580
Samsung Galaxy A32 5G Full glue zaštitno staklo ,15
Samsung Galaxy A21s Silicone case maska / zaštita ,15
IPhone SE flat kabal prednje kamere i proxy senzor ,10
Samsung Galaxy Note 20 ultra Silicone case maska ,15
IPhone XR flat kabal bočnih tipki ORIGINAL ,25
IPhone 12 Pro zvučnik uho slušalica i proximity Senzor ,60
Samsung Galaxy Note 20 Silicone case maska / zaštita ,15
IPhone 12 zvučnik na uho slušalica i proximity Senzor ,60
Samsung Galaxy A52 Carbon case maska / zaštita ,15
IPhone 12 Flat kabal Led bljeskalice i mikrofona kamere ,25
IPhone 12 Display Ekran LCD 100% ORIGINAL ,580
IPhone XS max flat kabal signal antene ORIGINAL ,20
IPhone 12 velika kamera / zadnja kamera ,"199,99"
Samsung Galaxy A21s 5D+ Privacy glass zaštitno staklo ,15
IPhone 11 flat kabal tipki zvuka - + i vibracije ,25
IPhone 12 Flat kabal Wifi i GPS signal antena ,25
IPhone XS Apple silikonska maska / zaštita ,2520
IPhone 12 i 12 Pro 5D+ Privacy glass zaštitno staklo ,15
IPhone 8 zvučnik na uho / slušalica ORIGINAL ,15
IPhone 8 flat kabal tipke glasnoće i zaključavanja ,20
iPhone SE baterija 100% ORIGINAL ,"29,99"
IPhone 7 plus Dock konektor punjenja i mikrofon ,25
IPhone 7 i 8 plus 5D+ Privacy glass zaštitno staklo ,15
Samsung Galaxy A12 Carbon case maska / zaštita ,15
IPhone 6 prednja kamera orginal ,15
Samsung Galaxy M30 A40s 5D+ Privacy zaštitno staklo ,15
Samsung Galaxy A12 silikonska zaštitna maska / zastita ,10
IPhone 8 plus vibracija / taptic engine ORIGINAL ,20
"Potražnja iPhone 11 , 11 pro max zaključan na iCloud ",
IPhone 6s Dock konektor punjenja 100% original ,15
Potražnja iPhone 7 8 plus zaključan na iCloud ,
IPhone X / XS 5D+ Privacy glass zaštitno staklo ekrana ,15
Samsung Galaxy A20 A30 Privacy glass zaštitno staklo ,15
IPhone 6s plus zvučnik / buzzer ORIGINAL ,15
"Potražnja iPhone X , XR , XS max zaključan na iCloud ",
IPhone 7 plus prednja kamera i proximity senzor ,"29,99"
Samsung Galaxy A51 Privacy glass zaštitno staklo ,15
Samsung Galaxy A71 Silicone case maska / zaštita ,15
IPhone 11 Pro 5D+ Privacy glass zaštitno staklo ekrana ,15
IPhone X i XS zaštitno staklo / screen Protection ,10
Samsung Galaxy s8 plus s9 plus fast charger punjač ORIG ,30
IPhone 7 plus zvučnik na uho / slušalica ,15
IPhone 7 i 7 plus screen Protector / zaštitno staklo ,10
IPhone 8 plus ultra tanka providna zaštita maskica ,10
IPhone 8 i 8 plus screen Protector / zaštitno staklo ,10
Samsung Galaxy A32 Carbon Protection zaštitna maska ,13
IPhone X lens kamere / staklo kamere ,15
IPhone 8 plus flat kabal bočnih tipki ORIGINAL ,20
Samsung Galaxy s9 11D bull zaštitno staklo ,15
Xiaomi Mi Smart Antibakterijski Ovlaživač zraka ,105
IPhone 13 128GB Product Red  VAKUM ,1.55
IPhone 13 Pro 256GB SILVER  ZAPAKIRANO ,2.1
IPhone 12 mini 64GB Purple White i Blue VAKUM  ,1.17
IPhone 12 mini 128GB White Blue i Purple  VAKUM ,"1.199,99"
IPhone 13 Pro 256GB Sierra Blue  ZAPAKIRANO ,2.099
IPhone 13 Pro 256GB GOLD Zlatni  ,2.1
IPhone 13 Pro 256GB Graphite  ,2.1
IPhone 13 256GB Midnight Starlight Blue Red Pink VAKUM ,1.65
Samsung Galaxy s8 11D bull zaštitno staklo ,15
LDNIO Power Bank Eksterni prijenosni punjač baterija ,"49,99"
IPhone SE 2 2020 64GB Black VAKUM  ,"739,99"
Samsung Galaxy s7 edge zadnje staklo ,20
"Iphone 8 staklena zastita,screen protector ",10
IPhone 6 plus velika kamera ,25
Samsung Galaxy S10 Silicone case maska / zaštita ,15
Samsung Galaxy s9 plus display / ekran ORIGINAL ,450
Samsung Galaxy Z Flip 3 Carbon zaštitna maska / zastita ,"19,99"
Xiaomi Mi Motion Sensor senzor pokreta ,35
Xiaomi Mi Smart Kettle Pro pametno kuhalo ,"109,99"
IPhone 6 plus tipke zvuka i vibracije ,15
IPhone 6s slušalica / zvučnik na uho ,"9,99"
IPhone 6 lim Displaya i Flet kabal home tipke ,15
IPhone 8 plus lens kamere / staklo kamere ,10
IPhone 6 lock button flet kabal ,10
IPhone 7 wifi antena ORIGINAL ,15
IPhone 6s zvučnik buzzer 100% ORIGINAL ,10
IPhone 6 plus wifi antena ,10
IPhone 6 plus vibra motor ,10
IPhone 6 plus tipka zaključavanja i bljeskalica ,20
IPhone 6 plus touch Id home button Flet kabal ,15
Samsung Galaxy A6 plus display / ekran / LCD ,180
Samsung Galaxy s9 display / ekran ORIGINAL ,390
Samsung Galaxy j6 2018 display / ekran / LCD ,130
IPhone 8 vibra motor ORIGINAL ,20
IPhone 5c kućište / zadnji oklop ORIGINAL ! ,20
IPhone 5s kućište oklop gold ORGINAL ,20
IPhone 6s zvučnik / buzzer ,15
IPhone 8 wifi antena flat kabal ,15
IPhone 6 plus metalna Plata flat kabal home tipke ,20
IPhone SE kamera velika ORIGINAL ,20
Samsung Galaxy s8 LCD / display / ekran original ,410
IPhone SE Dock konektor punjenja i mikrofon ,20
IPhone 6s plus signal i wifi antena ORIGINAL ,10
IPhone 6s plus flat kabal home tipke ORIGINAL ,15
IPhone XS XS Max lens kamere / staklo kamere ,15
IPhone 5c svi dijelovi ! ,
IPhone 6s plus Taptic engine / vibracija ORIGINAL ,15
IPhone SE slušalica / zvučnik na uho ORIGINAL ,10
IPhone 8 plus zvučnik / buzzer / zvono ORIGINAL ,20
IPhone SE flat kabal bočnih tipki power button ,10
IPhone 6 touch Id home button Flet kabal ,15
IPhone 7 i 7plus sim ladica / držač sim kartice ,10
IPhone 5s kućište oklop ORIGINAL ,25
IPhone SE flat home tipke ORIGINAL ,15
IPhone 7 plus svi originalni dijelovi ,
Samsung Galaxy s6 edge plus poklopac baterije staklo ,20
IPhone 5s kamera ORGINAL ,10
Samsung USB connector SMART SWITCH ,35
Iphone 5c ultra tanka maska zaštita ,"4,99"
IPhone 6s svi dijelovi ,
"IPhone 5,5c,5s screen Protector kaljeno zaštitno staklo ",10
Samsung Galaxy s8 zaštitna maska ,8
"Iphone 6,6s staklena zastita,screen protector ",10
IPhone 7 plus wifi antena ORIGINAL ,15
IPhone 7 i 8 plus Apple leather case kožna zaštita ,15
IPhone 6 plus ultra tanka maska / zastita ,"5,99"
IPhone 5s home button komplet tipka i Flet kabal ,15
Samsung Galaxy s6 edge ultra tanka zaštita / maska ,5
Iphone 5c dock konektor punjenja ,15
Samsung Galaxy s6 prednje staklo ORIGINAL ,12
"IPhone 5 kućište , zadnji oklop ORGINAL ",20
Iphone 6 plus 6s plus screen Protector ,10
